Time_Acc,Acc_x,Acc_y,Acc_z,Time_Gra,Gra_x,Gra_y,Gra_z,Time_Gyr,Gyr_x,Gyr_y,Gyr_z,Time_Light,Light,Time_LAcc,LAcc_x,LAcc_y,LAcc_z,Time_Mag,Mag_x,Mag_y,Mag_z,Time_Prox,Prox,Time_OrTa,OrTa_x,OrTa_y,OrTa_z,Time_Rov,Rov_w,Rov_x,Rov_y,Rov_z,Time_SteCou,SteCou,Time_TSD,TSD_value,
1522636606197,-0.04248047,0.15559387,9.36792,1522636606198,-0.048976865,0.16636054,9.805118,1522636606197,-1.5258789E-4,4.4250488E-4,-2.2888184E-4,0,0,1522636606198,0.0026011579,-0.0022908896,-0.0020227432,1522636606161,-593.06793,-73.79761,1060.9467,0,0,1522636606198,98.576416,-0.97202736,-0.2861506,1522636606197,0.0074254493,-0.0048009604,-0.7579842,0.652213,0,0,0,0
1522636606203,-0.029312134,0.1579895,9.359543,1522636606367,-0.045828436,0.1666766,9.805126,1522636606366,-1.5258789E-4,-6.2561035E-4,-4.4250488E-4,0,0,1522636606367,0.0036598481,0.0012315661,0.0024690628,1522636606362,-592.73987,-72.776794,1060.9451,0,0,1522636606366,98.57477,-0.97387284,-0.26775557,1522636606366,0.007314351,-0.004917765,-0.75797415,0.652225,0,0,0,0
1522636606244,-0.048477173,0.1579895,9.365524,0,0,0,0,0,0,0,0,0,0,0,0,0,0,0,0,0,0,0,0,0,0,0,0,0,0,0,0,0,0,0,0,0
1522636606284,-0.04966736,0.16038513,9.3667145,0,0,0,0,0,0,0,0,0,0,0,0,0,0,0,0,0,0,0,0,0,0,0,0,0,0,0,0,0,0,0,0,0
1522636606326,-0.048477173,0.16038513,9.358337,0,0,0,0,0,0,0,0,0,0,0,0,0,0,0,0,0,0,0,0,0,0,0,0,0,0,0,0,0,0,0,0,0
1522636606366,-0.024536133,0.16516113,9.375092,0,0,0,0,0,0,0,0,0,0,0,0,0,0,0,0,0,0,0,0,0,0,0,0,0,0,0,0,0,0,0,0,0
