Time,key_event_type,dialog_type,mouse_event_type,op_x,op_y,Action,first_x,first_y,second_x,second_y,Session_Id,Bot,
1516084147805,,,1,791,324,12,612.65625,298.875,912.65625,342.875,1516084147175,0,
1516084147973,,,2,791,324,-,
1516084147978,,,3,791,324,10,
1516084148184,,,0,791,324,-,
