Time,key_event_type,dialog_type,mouse_event_type,op_x,op_y,Action,first_x,first_y,second_x,second_y,Session_Id,Bot,
1516610970284,,,1,480,318,,276.65625,298.875,576.65625,342.875,1516610969576,0,
1516610970299,,,1,480,319,,
1516610970315,,,1,484,324,,
1516610970332,,,1,496,335,,
1516610970360,,,1,554,365,,
1516610970365,,,1,571,375,,
1516610970383,,,1,607,387,,
1516610970400,,,1,663,404,,
