Time,key_event_type,dialog_type,mouse_event_type,op_x,op_y,Action,first_x,first_y,second_x,second_y,Session_Id,Bot,
1516666250589,,,1,433,326,,276.65625,298.875,576.65625,342.875,1516666241704,0,
1516666250606,,,1,430,333,,
1516666250623,,,1,426,346,,
1516666250640,,,1,423,358,,
1516666250658,,,1,422,364,,
1516666250673,,,1,422,366,,
1516666250690,,,1,422,367,,
