Time,key_event_type,dialog_type,mouse_event_type,op_x,op_y,Action,first_x,first_y,second_x,second_y,Session_Id,Bot,
1516084640753,,,1,745,329,-,612.65625,298.875,912.65625,342.875,1516084640684,0,
1516084640814,,,1,781,330,-,
1516084640846,,,1,807,332,-,
1516084641222,,,1,784,323,12,
1516084641413,,,2,784,323,-,
1516084641417,,,3,784,323,10,
1516084641691,,,0,784,323,-,
