Time,key_event_type,dialog_type,mouse_event_type,op_x,op_y,Action,first_x,first_y,second_x,second_y,Session_Id,Bot,
1516084503627,,,1,791,334,-,612.65625,298.875,912.65625,342.875,1516084503102,0,
1516084503704,,,1,793,326,-,
1516084503757,,,1,795,322,-,
1516084503779,,,1,796,322,-,
1516084503795,,,1,796,322,-,
1516084503812,,,1,797,321,-,
1516084503829,,,1,798,320,-,
1516084503846,,,1,798,319,12,
1516084504055,,,2,798,319,-,
1516084504062,,,3,798,319,10,
