Time,key_event_type,dialog_type,mouse_event_type,op_x,op_y,Action,first_x,first_y,second_x,second_y,Session_Id,Bot,
1516083759323,,,1,878,332,-,612.65625,298.875,912.65625,342.875,1516083758767,0,
1516083759446,,,1,831,328,-,
1516083759479,,,1,827,328,-,
1516083759499,,,1,825,327,-,
1516083759515,,,1,823,326,12,
1516083759706,,,2,823,326,-,
1516083759714,,,3,823,326,10,
