Time,key_event_type,dialog_type,mouse_event_type,op_x,op_y,Action,first_x,first_y,second_x,second_y,Session_Id,Bot,
1516084459703,,,1,784,317,-,612.65625,298.875,912.65625,342.875,1516084459231,0,
1516084459776,,,1,783,316,12,
1516084459990,,,2,783,316,-,
1516084460006,,,3,783,316,10,
1516084460237,,,0,783,316,-,
