Time,key_event_type,dialog_type,mouse_event_type,op_x,op_y,Action,first_x,first_y,second_x,second_y,Session_Id,Bot,
1516666572271,,,1,322,318,,276.65625,298.875,576.65625,342.875,1516666568409,0,
1516666572288,,,1,322,318,,
1516666572296,,,1,323,317,,
1516666572310,,,1,325,316,,
1516666572326,,,1,329,315,,
1516666572343,,,1,347,312,,
1516666572360,,,1,372,312,,
1516666572378,,,1,453,315,,
1516666572396,,,1,519,319,,
1516666572410,,,1,574,325,,
1516666572427,,,1,648,340,,
