Time,key_event_type,dialog_type,mouse_event_type,op_x,op_y,Action,first_x,first_y,second_x,second_y,Session_Id,Bot,
1516084679392,,,1,769,329,-,612.65625,298.875,912.65625,342.875,1516084678877,0,
1516084679474,,,1,768,330,12,
1516084679687,,,0,768,330,-,
1516084679887,,,0,768,330,-,
1516084679969,,,2,768,330,-,
1516084679983,,,3,768,330,10,
1516084680287,,,0,768,330,-,
