Time,key_event_type,dialog_type,mouse_event_type,op_x,op_y,Action,first_x,first_y,second_x,second_y,Session_Id,Bot,
1516084415406,,,1,777,334,-,612.65625,298.875,912.65625,342.875,1516084414803,0,
1516084415566,,,1,764,314,-,
1516084415583,,,1,764,314,12,
1516084415774,,,2,764,314,-,
1516084415789,,,3,764,314,10,
