Time,key_event_type,dialog_type,mouse_event_type,op_x,op_y,Action,first_x,first_y,second_x,second_y,Session_Id,Bot,
1516084784881,,,1,833,367,-,612.65625,298.875,912.65625,342.875,1516084784230,0,
1516084785011,,,1,822,339,12,
1516084785154,,,2,822,339,-,
1516084785168,,,3,822,339,10,
