Time,key_event_type,dialog_type,mouse_event_type,op_x,op_y,Action,first_x,first_y,second_x,second_y,Session_Id,Bot,
1516083638049,,,1,829,328,-,612.65625,298.875,912.65625,342.875,1516083637904,0,
1516083638485,,,1,835,352,-,
1516083638663,,,1,787,338,-,
1516083638699,,,1,785,337,-,
1516083638708,,,1,785,337,-,
1516083638757,,,1,785,336,-,
1516083638773,,,1,785,336,-,
1516083638790,,,1,785,335,12,
1516083638978,,,2,785,335,-,
1516083638986,,,3,785,335,10,
