Time,key_event_type,dialog_type,mouse_event_type,op_x,op_y,Action,first_x,first_y,second_x,second_y,Session_Id,Bot,
1516084629431,,,0,0,0,-,612.65625,298.875,912.65625,342.875,1516084628975,0,
1516084629581,,,0,0,0,-,
1516084629782,,,0,0,0,-,
1516084629982,,,0,0,0,-,
1516084630048,,,2,878,335,-,
1516084630052,,,3,878,335,10,
