Time,key_event_type,dialog_type,mouse_event_type,op_x,op_y,Action,first_x,first_y,second_x,second_y,Session_Id,Bot,
1516084688975,,,0,0,0,-,612.65625,298.875,912.65625,342.875,1516084688455,0,
1516084689060,,,0,0,0,-,
1516084689064,,,1,888,306,-,
1516084689079,,,1,882,306,-,
1516084689095,,,1,875,308,-,
1516084689112,,,1,869,311,-,
1516084689129,,,1,863,313,-,
1516084689145,,,1,859,316,-,
1516084689163,,,1,856,317,12,
1516084689388,,,2,856,317,-,
1516084689394,,,3,856,317,10,
