Time,key_event_type,dialog_type,mouse_event_type,op_x,op_y,Action,first_x,first_y,second_x,second_y,Session_Id,Bot,
1516084033771,,,1,773,326,-,612.65625,298.875,912.65625,342.875,1516084033234,0,
1516084033865,,,1,769,328,12,
1516084033996,,,2,769,328,-,
1516084034002,,,3,769,328,10,
