Time,key_event_type,dialog_type,mouse_event_type,op_x,op_y,Action,first_x,first_y,second_x,second_y,Session_Id,Bot,
1516083647762,,,1,759,350,-,612.65625,298.875,912.65625,342.875,1516083647544,0,
1516083647820,,,1,759,347,-,
1516083648263,,,1,779,319,12,
1516083648313,,,2,779,319,-,
1516083648331,,,3,779,319,10,
1516083648553,,,0,779,319,-,
1516083648779,,,0,779,319,-,
