Time,key_event_type,dialog_type,mouse_event_type,op_x,op_y,Action,first_x,first_y,second_x,second_y,Session_Id,Bot,
1516610804580,,,1,458,322,,289.65625,298.875,589.65625,342.875,1516610803822,0,
1516610804597,,,1,458,318,,
1516610804613,,,1,456,294,,
1516610804630,,,1,455,269,,
1516610804648,,,1,457,239,,
1516610804663,,,1,467,199,,
1516610804681,,,1,475,181,,
