Time,key_event_type,dialog_type,mouse_event_type,op_x,op_y,Action,first_x,first_y,second_x,second_y,Session_Id,Bot,
1516610715071,,,1,454,316,,289.65625,298.875,589.65625,342.875,1516610714397,0,
1516610715086,,,1,454,312,,
1516610715103,,,1,454,284,,
1516610715120,,,1,455,268,,
1516610715137,,,1,458,247,,
1516610715154,,,1,462,238,,
1516610715170,,,1,468,228,,
1516610715187,,,1,474,216,,
