Time,key_event_type,dialog_type,mouse_event_type,op_x,op_y,Action,first_x,first_y,second_x,second_y,Session_Id,Bot,
1516084388760,,,0,0,0,-,612.65625,298.875,912.65625,342.875,1516084388258,0,
1516084388852,,,1,855,316,-,
1516084388868,,,1,852,316,-,
1516084388884,,,1,848,316,-,
1516084388901,,,1,844,317,-,
1516084388918,,,1,841,317,-,
1516084388936,,,1,838,318,12,
1516084389159,,,2,838,318,-,
1516084389162,,,3,838,318,10,
