Time_Acc,Acc_x,Acc_y,Acc_z,Time_Gra,Gra_x,Gra_y,Gra_z,Time_Gyr,Gyr_x,Gyr_y,Gyr_z,Time_Light,Light,Time_LAcc,LAcc_x,LAcc_y,LAcc_z,Time_Mag,Mag_x,Mag_y,Mag_z,Time_Prox,Prox,Time_OrTa,OrTa_x,OrTa_y,OrTa_z,Time_Rov,Rov_w,Rov_x,Rov_y,Rov_z,Time_SteCou,SteCou,Time_TSD,TSD_value,
1522306649545,0.0,9.81,0.0,1522306649527,-0.003143705,9.806649,0.002963526,1522306649545,0.0,0.0,0.0,1522306649545,0.0,1522306649545,0.003143705,0.0033512115,-0.002963526,1522306649545,22.0,5.9,43.1,1522306649545,1.0,1522306649545,0.0,0.0,0.0,1522306649545,0.16532062,0.68750936,0.68750936,0.16532071,0,0,0,0
1522306649546,0.0,9.81,0.0,1522306649545,-0.0031442894,9.80665,0.0029629415,1522306649545,0.0,0.0,0.0,1522306649547,0.0,1522306649546,0.0031442894,0.0033502579,-0.0029629415,1522306649545,22.0,5.9,43.1,1522306649545,1.0,1522306649545,0.0,0.0,0.0,1522306649546,0.16532058,0.6875092,0.6875094,0.1653211,0,0,0,0
1522306649547,0.0,9.81,0.0,1522306649547,-0.00314502,9.806649,0.0029664487,1522306649547,0.0,0.0,0.0,1522306649547,0.0,1522306649547,0.00314502,0.0033512115,-0.0029664487,1522306649547,22.0,5.9,43.1,1522306649547,1.0,1522306649547,0.0,0.0,0.0,1522306649547,0.16532055,0.68750906,0.68750954,0.1653215,0,0,0,0
